<?xml version="1.0" encoding="UTF-8"?>
<project-private xmlns="http://www.netbeans.org/ns/project-private/1">
    <editor-bookmarks xmlns="http://www.netbeans.org/ns/editor-bookmarks/2" lastBookmarkId="0"/>
    <open-files xmlns="http://www.netbeans.org/ns/projectui-open-files/2">
        <group>
            <file>file:/C:/Users/Elite/Documents/NetBeansProjects/PayrollSystem/src/payroll_project/login_page.java</file>
            <file>file:/C:/Users/Elite/Documents/NetBeansProjects/PayrollSystem/src/payroll_project/list_attendence.java</file>
            <file>file:/C:/Users/Elite/Documents/NetBeansProjects/PayrollSystem/src/payroll_project/salery.java</file>
            <file>file:/C:/Users/Elite/Documents/NetBeansProjects/PayrollSystem/src/payroll_project/new_Employee.java</file>
            <file>file:/C:/Users/Elite/Documents/NetBeansProjects/PayrollSystem/src/payroll_project/list_employee.java</file>
            <file>file:/C:/Users/Elite/Documents/NetBeansProjects/PayrollSystem/src/payroll_project/update_salery.java</file>
            <file>file:/C:/Users/Elite/Documents/NetBeansProjects/PayrollSystem/src/payroll_project/generate_paySlip.java</file>
            <file>file:/C:/Users/Elite/Documents/NetBeansProjects/PayrollSystem/src/payroll_project/update_employee.java</file>
            <file>file:/C:/Users/Elite/Documents/NetBeansProjects/PayrollSystem/src/payroll_project/take_attendence.java</file>
            <file>file:/C:/Users/Elite/Documents/NetBeansProjects/PayrollSystem/src/payroll_project/home_payroll.java</file>
        </group>
    </open-files>
</project-private>
